name,label,type,fieldType
actualmente_inviertes_en_publicidad_digital_o_redes_sociales_,¿Actualmente inviertes en publicidad digital o redes sociales?,enumeration,radio
add__ons,add + ons,enumeration,checkbox
address,Street Address,string,text
aircall_last_call_at,Last Aircall call timestamp,datetime,date
aircall_last_sms_at,Last Aircall SMS timestamp,datetime,date
aircall_last_sms_direction,Last Aircall SMS direction,string,text
annualrevenue,Annual Revenue,string,text
associatedcompanyid,Primary Associated Company ID,number,number
associatedcompanylastupdated,Associated Company Last Updated,number,number
calificacion_de_interaccion_23_12_2024,Calificacion de clientes 24-25,number,number
canal_de_adquisicion,Canal de adquisición,enumeration,select
cantidad_proyectos,¿Cuántos proyectos gestionas por año?,enumeration,radio
cargo_dentro_de_empresa,Cargo dentro de empresa,string,text
ces_30_05_25,CES (30/05/25),number,number
ces_30_05_25_threshold,CES (30/05/25) threshold,enumeration,select
cfs_05_30_2025,CFS (05/30/2025),number,number
cfs_05_30_2025_threshold,CFS (05/30/2025) threshold,enumeration,select
city,City,string,text
clasificacion_del_lead,Clasificación del lead,enumeration,radio
closedate,Close Date,datetime,date
como_prefieres_que_te_contactemos_para_agendar_una_demostracin_del_software,¿Como prefieres que te contactemos para agendar una demostración del software?,string,text
company,Company Name,string,text
company_size,Company size,string,text
country,Country/Region,string,text
createdate,Create Date,datetime,date
cronograma_inicial,Cronograma Inicial,string,file
cual_es_el_rango_de_inversin_que_tienes_en_dlares_para_el_pago_mensual__de_una_plataforma_en_tu_emp,¿Cual es el rango de inversión que tienes en dólares para el pago MENSUAL  de una plataforma en tu empresa?,string,text
cual_es_el_rango_de_inversin_que_tienes_para_el_pago_de_una_plataforma_en_tu_empresa,¿Cual es el rango de inversión que tienes para el pago de una plataforma en tu empresa?,string,text
cual_es_el_rango_de_inversin_que_tienes_para_el_pago_mensual__de_una_plataforma_en_tu_empresa,¿Cual es el rango de inversión que tienes para el pago MENSUAL  de una plataforma en tu empresa?,string,text
cual_es_el_rango_de_inversin_que_tienes_para_el_pago_mensual_total_de_una_plataforma_que_solucione_,¿Cual es el rango de inversión que tienes para el pago MENSUAL total de una plataforma que solucione el reto que mencionaste anteriormente?,string,text
cual_es_la_fecha_de_inicio_de_tus_prximos_proyectos_de_construccin,¿Cual es la fecha de inicio de tus próximos proyectos de construcción?,string,text
cual_es_tu_cargo_dentro_la_empresa_,¿Cuál es tu cargo dentro la empresa?,string,text
cual_es_tu_mayor_reto_actual_como_empresa_constructora_,¿Cuál es tu mayor reto actual como empresa constructora?,enumeration,checkbox
cual_es_tu_reto_comercial_mas_urgente_,¿Cuál es tu reto comercial más urgente?,enumeration,checkbox
cual_es_tu_rol_en_la_empresa_,¿Cuál es tu rol en la empresa?,enumeration,radio
cuando_es_la_fecha_de_implementacin_aproximada_de_mawi_para_tus_proyectos,¿Cuando es la fecha de implementación aproximada de Mawi para tus proyectos?,string,text
cuando_es_la_fecha_de_implementacion_aproximada_de_mawi_para_tus_proyectos_,¿Cuándo es la fecha de implementación aproximada de Mawi para tus proyectos?,string,text
cuanto_estoy_dispuesto_a_invertir_por_un_sistema_que_resuelta_mis_retos_en_el_control_de_proyectosp,¿Cuanto estoy dispuesto a invertir por un sistema que resuelta mis retos en el control de proyectos/presupuestos? OLD,string,text
cuanto_estoy_dispuesto_a_invertir_por_un_sistema_que_resuelva__mis_retos_en_el_control_de_proyectos,¿Cuanto estoy dispuesto a invertir por un sistema que resuelva  mis retos en el control de proyectos/presupuestos?,string,text
cuantos_proyectos_ejecuta_tu_empresa_por_ano_,¿Cuántos proyectos ejecuta tu empresa por año?,enumeration,radio
cuantos_proyectos_gestionas_de_manera_simultanea,¿Cuantos proyectos gestionas de manera simultanea?,string,text
cuantos_proyectos_manejas_simultaneamente_en_promedio,¿Cuantos proyectos manejas simultaneamente en promedio?,string,text
cuentas_con_una_oficina_donde_participan_ingenieros_y_arquitectos_en_tus_proyectos_de_construccion_,¿Tienen una oficina con ingenieros y arquitectos para la administración de los proyectos de la empresa?,string,text
cul_es_tu_cargo_dentro_de_la_empresa,¿Cuál es tu cargo dentro de la empresa?,string,text
cul_es_tu_presupuesto_estimado_para_una_solucin_que_te_ayude_a_gestionar_mejor_tus_proyectos_y_pres,¿Cuál es tu presupuesto estimado para una solución que te ayude a gestionar mejor tus proyectos y presupuestos?,string,text
cul_es_tu_presupuesto_estimado_para_una_solucin_que_te_ayude_a_gestionar_mejor_tus_proyectos_y_presu,¿Cuál es tu presupuesto estimado para una solución que te ayude a gestionar mejor tus proyectos y presupuestos?,string,text
cules_son_los_metros_cuadrados_del_espacio_donde_se_deben_instalar,¿Cuáles son los metros cuadrados del espacio donde se deben instalar?,string,text
cundo_inician_tus_prximos_proyectos_de_construccin,¿Cuándo inician tus próximos proyectos de construcción?,string,text
cuntos_proyectos_gestionas_de_manera_simultnea,¿Cuántos proyectos gestionas de manera simultánea?,string,text
currentlyinworkflow,Currently in workflow (discontinued),enumeration,booleancheckbox
date_of_birth,Date of birth,string,text
days_to_close,Days To Close,number,number
de_qu_se_trata_tu_proyecto,¿De qué se trata tu proyecto?,string,text
de_qu_tamao_es_el_espacio_que_quers_remodelar,¿De qué tamaño es el espacio que querés remodelar?,string,text
de_que_tamano_es_tu_empresa__1,¿De que tamaño es tu empresa? 1,enumeration,select
de_que_tamao_es_tu_empresa,¿De que tamaño es tu empresa?,string,text
de_que_tamao_es_tu_equipo_administrativo,¿De que tamaño es tu equipo administrativo?,string,text
de_que_tamao_es_tu_equipo_administrativo_fijo_en_oficina,¿De que tamaño es tu equipo administrativo fijo en oficina?,string,text
degree,Degree,string,text
describe_el_reto_que_tienes_actualmente_que_mawi_managers_puede_ayudar_a_resolver,Describe el reto que tienes actualmente que Mawi Managers puede ayudar a resolver,string,textarea
disposicion_a_invertir,Disposición a invertir,string,text
dolor_actual,¿Cuál es tu mayor desafío actual en la gestión de obras?,enumeration,radio
email,Email,string,text
en_qu_plazo_planeas_empezar_a_utilizar_mawi_en_tu_empresa,¿En qué plazo planeas empezar a utilizar Mawi en tu empresa?,string,text
engagements_last_meeting_booked,Date of last meeting booked in meetings tool,datetime,date
engagements_last_meeting_booked_campaign,Campaign of last booking in meetings tool,string,text
engagements_last_meeting_booked_medium,Medium of last booking in meetings tool,string,text
engagements_last_meeting_booked_source,Source of last booking in meetings tool,string,text
estas_comprometido_para_lograr_un_cambio_positivo_en_la_administracin_de_tus_proyectos_de_construcc,¿Estas comprometido para lograr un cambio positivo en la administración de tus proyectos de Construcción y llevar tu empresa al más alto nivel ?,string,text
estas_interesado_en_aprender_como_venderle_a_clientes_extranjeros_y_usar_herramientas_digitales_com,¿Estás interesado en aprender cómo venderle a clientes extranjeros y usar herramientas digitales como CRM o GPT para cerrar más proyectos?,enumeration,radio
etapa_de_cliente,Etapa de cliente,enumeration,select
evento_de_primer_contacto,Evento de primer contacto,string,text
fax,Fax Number,string,phonenumber
fecha_de_conversion,Fecha de conversión,date,date
fecha_de_implementacion_mawi,Fecha de implementación Mawi,string,text
fecha_de_ingreso,Fecha de ingreso,date,date
fecha_de_mis_proyectos,Fecha de mis proyectos,string,text
fecha_de_primer_contacto,Fecha de primer contacto,date,date
field_of_study,Field of study,string,text
first_conversion_date,First Conversion Date,datetime,date
first_conversion_event_name,First Conversion,string,text
first_deal_created_date,First Deal Created Date,datetime,date
firstname,First Name,string,text
followercount,Follower Count,number,number
free_trial,Free Trial,enumeration,radio
gender,Gender,string,text
graduation_date,Graduation date,string,text
herramienta_actual,¿Con qué herramienta gestionas tus presupuestos de obra actualmente?,enumeration,radio
hilos_contact_id,Hilos Id,string,text
hilos_whatsapp_link,WhatsApp Conversation Link,string,text
hs_additional_emails,Additional email addresses,enumeration,select
hs_all_accessible_team_ids,All teams,enumeration,select
hs_all_assigned_business_unit_ids,Brands,enumeration,checkbox
hs_all_contact_vids,All vids for a contact,enumeration,select
hs_all_owner_ids,All owner IDs,enumeration,select
hs_all_team_ids,All team IDs,enumeration,select
hs_analytics_average_page_views,Average Pageviews,number,number
hs_analytics_first_referrer,First Referring Site,string,text
hs_analytics_first_timestamp,Time First Seen,datetime,date
hs_analytics_first_touch_converting_campaign,First Touch Converting Campaign,string,text
hs_analytics_first_url,First Page Seen,string,text
hs_analytics_first_visit_timestamp,Time of First Session,datetime,date
hs_analytics_last_referrer,Last Referring Site,string,text
hs_analytics_last_timestamp,Time Last Seen,datetime,date
hs_analytics_last_touch_converting_campaign,Last Touch Converting Campaign,string,text
hs_analytics_last_url,Last Page Seen,string,text
hs_analytics_last_visit_timestamp,Time of Last Session,datetime,date
hs_analytics_num_event_completions,Number of event completions,number,number
hs_analytics_num_page_views,Number of Pageviews,number,number
hs_analytics_num_visits,Number of Sessions,number,number
hs_analytics_revenue,Event Revenue,number,number
hs_analytics_source,Original Traffic Source,enumeration,select
hs_analytics_source_composite_data,Original Traffic Source Composite Data,string,text
hs_analytics_source_data_1,Original Traffic Source Drill-Down 1,string,text
hs_analytics_source_data_2,Original Traffic Source Drill-Down 2,string,text
hs_associated_target_accounts,Associated Target Accounts,number,calculation_rollup
hs_avatar_filemanager_key,Avatar FileManager key,string,text
hs_bing_ad_clicked,Bing ad clicked,bool,booleancheckbox
hs_bing_click_id,Bing click id,string,text
hs_buying_role,Buying Role,enumeration,checkbox
hs_calculated_form_submissions,The 800 most recent form submissions for a contact,enumeration,select
hs_calculated_merged_vids,Merged vids with timestamps of a contact,enumeration,select
hs_calculated_mobile_number,Calculated Mobile Number in International Format,string,text
hs_calculated_phone_number,Calculated Phone Number in International Format,string,text
hs_calculated_phone_number_area_code,Calculated Phone Number Area Code,string,text
hs_calculated_phone_number_country_code,Calculated Phone Number Country Code,string,text
hs_calculated_phone_number_region_code,Calculated Phone Number Region,string,text
hs_chat_assistant_iql_date,Chat Assistant IQL Date,datetime,date
hs_chat_assistant_source,Chat Assistant Source,enumeration,select
hs_chat_assistant_summary,Chat Assistant:Summary,string,html
hs_clicked_linkedin_ad,Clicked on a LinkedIn Ad,enumeration,booleancheckbox
hs_contact_creation_legal_basis_source_instance_id,Contact creation legal basis source instance ID,string,text
hs_contact_enrichment_opt_out,Enrichment opt out,bool,booleancheckbox
hs_contact_enrichment_opt_out_timestamp,Enrichment opt out timestamp,datetime,date
hs_content_membership_email,Member email,string,text
hs_content_membership_email_confirmed,Email Confirmed,bool,booleancheckbox
hs_content_membership_follow_up_enqueued_at,Time enrolled in registration follow up emails,datetime,date
hs_content_membership_notes,Membership Notes,string,textarea
hs_content_membership_registered_at,Registered At,datetime,date
hs_content_membership_registration_domain_sent_to,Domain to which registration email was sent,string,text
hs_content_membership_registration_email_sent_at,Time registration email was sent,datetime,date
hs_content_membership_status,Status,enumeration,select
hs_conversations_visitor_email,Conversations visitor email,string,text
hs_count_is_unworked,Count of unengaged contacts,number,calculation_equation
hs_count_is_worked,Count of engaged contacts,number,calculation_equation
hs_country_region_code,Country/Region Code,string,text
hs_created_by_conversations,Created By Conversations,bool,booleancheckbox
hs_created_by_user_id,Created by user ID,number,number
hs_createdate,Object create date/time,datetime,date
hs_cross_account_note,Cross-Account Note,string,textarea
hs_cross_sell_opportunity,Cross-sell Opportunity,bool,booleancheckbox
hs_current_customer,Current Customer,enumeration,select
hs_currently_enrolled_in_prospecting_agent,Currently Enrolled in Prospecting Agent,bool,calculation_equation
hs_customer_agent_lead_status,Customer Agent Lead Status,enumeration,radio
hs_data_privacy_ads_consent,Ads Consent from Forms,bool,booleancheckbox
hs_document_last_revisited,Recent Document Revisit Date,datetime,date
hs_email_bad_address,Invalid email address,bool,booleancheckbox
hs_email_bounce,Marketing emails bounced,number,number
hs_email_click,Marketing emails clicked,number,number
hs_email_communication_subscriptions_opted_in,Subscribed to email subscription types,enumeration,checkbox
hs_email_communication_subscriptions_opted_out,Unsubscribed from email subscription types,enumeration,checkbox
hs_email_customer_quarantined_reason,Email address quarantine reason,enumeration,select
hs_email_delivered,Marketing emails delivered,number,number
hs_email_domain,Email Domain,string,text
hs_email_first_click_date,First marketing email click date,datetime,date
hs_email_first_open_date,First marketing email open date,datetime,date
hs_email_first_reply_date,First marketing email reply date,datetime,date
hs_email_first_send_date,First marketing email send date,datetime,date
hs_email_hard_bounce_reason,Email hard bounce reason,string,text
hs_email_hard_bounce_reason_enum,Email hard bounce reason,enumeration,radio
hs_email_is_ineligible,Is globally ineligible,bool,booleancheckbox
hs_email_last_click_date,Last marketing email click date,datetime,date
hs_email_last_email_name,Last marketing email name,string,text
hs_email_last_open_date,Last marketing email open date,datetime,date
hs_email_last_reply_date,Last marketing email reply date,datetime,date
hs_email_last_send_date,Last marketing email send date,datetime,date
hs_email_live_sourcing_restricted,Email live sourcing restricted,bool,booleancheckbox
hs_email_open,Marketing emails opened,number,number
hs_email_optimal_send_day_of_week,Optimal Marketing Email Send Day of Week,string,text
hs_email_optimal_send_time_of_day,Optimal Marketing Email Send Time of Day ,string,text
hs_email_optout,Unsubscribed from all email,bool,booleancheckbox
hs_email_optout_2773753680,Opted out of email: Producto,enumeration,booleancheckbox
hs_email_optout_401145892,Opted out of email: Customer Success Mawi,enumeration,booleancheckbox
hs_email_optout_423566186,Opted out of email: Mawi,enumeration,booleancheckbox
hs_email_optout_47524426,Opted out of email: Marketing Information,enumeration,booleancheckbox
hs_email_optout_52170749,Opted out of email: One to One,enumeration,booleancheckbox
hs_email_optout_531091894,Opted out of email: Customer Service Communication,enumeration,booleancheckbox
hs_email_optout_777598578,Opted out of email: Marketing,enumeration,booleancheckbox
hs_email_quarantined,Email Address Quarantined,bool,booleancheckbox
hs_email_quarantined_reason,Email address automated quarantine reason,enumeration,select
hs_email_recipient_fatigue_recovery_time,Email Address Recipient Fatigue Next Available Sending Time,datetime,date
hs_email_replied,Marketing emails replied,number,number
hs_email_sends_since_last_engagement,Sends Since Last Engagement,number,number
hs_email_type,Email type,enumeration,select
hs_emailconfirmationstatus,Marketing email confirmation status,enumeration,select
hs_employment_change_detected_date,Employment change detected date,date,date
hs_enforce_double_opt_in,Enforce double opt in,bool,booleancheckbox
hs_enriched_email_bounce_detected,Enriched Email Bounce Detected (Deprecated),bool,booleancheckbox
hs_excluded_from_cross_account_data_mirroring,Excluded from cross-account data mirroring,bool,booleancheckbox
hs_facebook_ad_clicked,Clicked Facebook ad,bool,booleancheckbox
hs_facebook_click_id,Facebook click id,string,text
hs_facebookid,Facebook ID,string,text
hs_feedback_last_ces_survey_date,Last CES survey date,datetime,calculation_rollup
hs_feedback_last_ces_survey_follow_up,Last CES survey comment,string,calculation_rollup
hs_feedback_last_ces_survey_rating,Last CES survey rating,number,calculation_rollup
hs_feedback_last_csat_survey_date,Last CSAT survey date,datetime,calculation_rollup
hs_feedback_last_csat_survey_follow_up,Last CSAT survey comment,string,calculation_rollup
hs_feedback_last_csat_survey_rating,Last CSAT survey rating,number,calculation_rollup
hs_feedback_last_nps_follow_up,Last NPS survey comment,string,text
hs_feedback_last_nps_rating,Last NPS survey rating (deprecated),enumeration,select
hs_feedback_last_nps_rating_number,Latest NPS survey rating,number,calculation_rollup
hs_feedback_last_survey_date,Last NPS survey date,datetime,date
hs_feedback_show_nps_web_survey,Should be shown an NPS web survey,bool,booleancheckbox
hs_first_closed_order_id,First Closed Order ID,number,number
hs_first_engagement_object_id,ID of first engagement,number,number
hs_first_order_closed_date,First Order Closed Date,datetime,date
hs_first_outreach_date,First outreach date,datetime,date
hs_first_subscription_create_date,First subscription create date,datetime,calculation_rollup
hs_full_name_or_email,Full name or email,string,calculation_equation
hs_geohash_1,geohash_1,string,text
hs_geohash_2,geohash_2,string,text
hs_geohash_3,geohash_3,string,text
hs_geohash_4,geohash_4,string,text
hs_geohash_5,geohash_5,string,text
hs_geohash_6,geohash_6,string,text
hs_google_click_id,Google ad click id,string,text
hs_googleplusid,googleplus ID,string,text
hs_gps_error,GPS Error,string,text
hs_gps_latitude,Latitudes,string,text
hs_gps_longitude,Longitudes,string,text
hs_has_active_subscription,Contact has an active subscription,number,calculation_rollup
hs_inferred_language_codes,Inferred Language Codes,enumeration,select
hs_intent_paid_up_to_date,Intent paid up to date,date,date
hs_intent_signals_enabled,Intent Signals active,bool,booleancheckbox
hs_ip_timezone,IP Timezone,string,text
hs_is_contact,Is a contact,bool,calculation_read_time
hs_is_enriched,Has been enriched,bool,booleancheckbox
hs_is_mass_marketing_activation_disallowed,Is Mass Marketing Activation Disallowed,bool,booleancheckbox
hs_is_merge_revertible,Is Merge Revertible,bool,booleancheckbox
hs_is_unworked,Contact unworked,bool,calculation_equation
hs_job_change_detected_date,Job change detected date,date,date
hs_journey_stage,Journey Stage,enumeration,radio
hs_language,Preferred language,enumeration,select
hs_last_metered_enrichment_timestamp,Last Metered Enrichment Timestamp,datetime,date
hs_last_sales_activity_date,last sales activity date old,datetime,date
hs_last_sales_activity_timestamp,Last Engagement Date,datetime,date
hs_last_sales_activity_type,Last Engagement Type,enumeration,select
hs_last_sms_send_date,Last Sms Send Date,datetime,date
hs_last_sms_send_name,Last SMS Send Name,string,text
hs_lastmodifieddate,Object last modified date/time,datetime,date
hs_latest_disqualified_lead_date,Latest Disqualified Lead Date,datetime,calculation_rollup
hs_latest_meeting_activity,Latest meeting activity,datetime,date
hs_latest_open_lead_date,Latest Open Lead Date,datetime,calculation_rollup
hs_latest_qualified_lead_date,Latest Qualified Lead Date,datetime,calculation_rollup
hs_latest_sequence_ended_date,Last sequence ended date,datetime,date
hs_latest_sequence_enrolled,Last sequence enrolled,number,number
hs_latest_sequence_enrolled_date,Last sequence enrolled date,datetime,date
hs_latest_sequence_finished_date,Last sequence finished date,datetime,date
hs_latest_sequence_unenrolled_date,Last sequence unenrolled date,datetime,date
hs_latest_source,Latest Traffic Source,enumeration,select
hs_latest_source_composite_data,Latest Traffic Source Composite Data,string,text
hs_latest_source_data_1,Latest Traffic Source Drill-Down 1,string,text
hs_latest_source_data_2,Latest Traffic Source Drill-Down 2,string,text
hs_latest_source_timestamp,Latest Traffic Source Date,datetime,date
hs_latest_subscription_create_date,Latest subscription create date,datetime,calculation_rollup
hs_latitude,Latitude,number,number
hs_lead_status,Lead Status,enumeration,radio
hs_legal_basis,Legal basis for processing contact's data,enumeration,checkbox
hs_linkedin_ad_clicked,Clicked LinkedIn Ad,enumeration,booleancheckbox
hs_linkedin_click_id,LinkedIn click id,string,text
hs_linkedin_url,LinkedIn URL,string,text
hs_linkedinid,Linkedin ID,string,text
hs_live_enrichment_deadline,Live enrichment deadline,datetime,date
hs_longitude,Longitude,number,number
hs_manual_campaign_ids,Manual campaign ids,number,calculation_rollup
hs_marketable_reason_id,Marketing contact status source name,string,text
hs_marketable_reason_type,Marketing contact status source type,enumeration,select
hs_marketable_status,Marketing contact status,enumeration,booleancheckbox
hs_marketable_until_renewal,Marketing contact until next update,enumeration,booleancheckbox
hs_membership_has_accessed_private_content,Member has accessed private content,number,calculation_equation
hs_membership_last_private_content_access_date,Membership last private content access date,datetime,date
hs_merged_object_ids,Merged Contact IDs,enumeration,checkbox
hs_messaging_engagement_score,messaging_engagement_score,number,number
hs_mobile_sdk_push_tokens,Mobile Sdk Push Tokens,string,text
hs_notes_last_activity,Last Activity,object_coordinates,text
hs_notes_next_activity,Next Activity,object_coordinates,text
hs_notes_next_activity_type,Next Activity Type,enumeration,select
hs_num_associated_open_deals,Number of open deals,number,calculation_rollup
hs_object_id,Record ID,number,number
hs_object_source,Record creation source,string,text
hs_object_source_detail_1,Record source detail 1,string,text
hs_object_source_detail_2,Record source detail 2,string,text
hs_object_source_detail_3,Record source detail 3,string,text
hs_object_source_id,Record creation source ID,string,text
hs_object_source_label,Record source,enumeration,select
hs_object_source_user_id,Record creation source user ID,number,number
hs_owning_teams,Owning Teams,enumeration,checkbox
hs_persona,Persona,enumeration,select
hs_pinned_engagement_id,Pinned engagement ID,number,number
hs_pipeline,Pipeline,enumeration,select
hs_predictivecontactscore,Predictive Lead Score,number,number
hs_predictivecontactscore_v2,Likelihood to close,number,number
hs_predictivecontactscorebucket,Lead Rating,enumeration,radio
hs_predictivescoringtier,Contact priority,enumeration,radio
hs_prospecting_agent_activation_email_id,Prospecting Agent activation email ID,number,number
hs_prospecting_agent_activation_status,Prospecting Agent activation status,enumeration,select
hs_prospecting_agent_actively_enrolled_count,Prospecting Agent Actively Enrolled Count,number,calculation_rollup
hs_prospecting_agent_enrollment_status,Prospecting Agent Enrollment Status,enumeration,calculation_rollup
hs_prospecting_agent_enrollment_status_raw,Prospecting Agent Enrollment Status (raw),enumeration,calculation_rollup
hs_prospecting_agent_last_enrolled,Prospecting Agent Last Enrolled,datetime,calculation_rollup
hs_prospecting_agent_sender,Prospecting Agent Sender,enumeration,calculation_rollup
hs_prospecting_agent_total_enrolled_count,Prospecting Agent Total Enrolled Count,number,calculation_rollup
hs_quarantined_emails,Quarantined Emails,string,textarea
hs_read_only,Read only object,bool,booleancheckbox
hs_recent_closed_order_date,Recent Closed Order Date,datetime,date
hs_reddit_ad_clicked,Reddit ad clicked,bool,booleancheckbox
hs_reddit_click_id,Reddit click id,string,text
hs_registered_member,Registered member,number,calculation_equation
hs_registration_method,Registration Method,string,text
hs_returning_to_office_detected_date,Returning to office detected date,date,date
hs_role,Employment Role,enumeration,select
hs_sa_first_engagement_date,Date of first engagement,datetime,date
hs_sa_first_engagement_descr,Description of first engagement,enumeration,select
hs_sa_first_engagement_object_type,Type of first engagement,enumeration,select
hs_sales_email_last_clicked,Recent Sales Email Clicked Date,datetime,date
hs_sales_email_last_opened,Recent Sales Email Opened Date,datetime,date
hs_sales_email_last_replied,Recent Sales Email Replied Date,datetime,date
hs_searchable_calculated_international_mobile_number,Calculated Mobile Number with country code,string,phonenumber
hs_searchable_calculated_international_phone_number,Calculated Phone Number with country code,string,phonenumber
hs_searchable_calculated_mobile_number,Calculated Mobile Number without country code,phone_number,phonenumber
hs_searchable_calculated_phone_number,Calculated Phone Number without country code,phone_number,phonenumber
hs_seniority,Employment Seniority,enumeration,select
hs_sequences_actively_enrolled_count,Number of sequences actively enrolled,number,number
hs_sequences_enrolled_count,Number of sequences enrolled,number,number
hs_sequences_is_enrolled,Currently in Sequence,bool,booleancheckbox
hs_shared_team_ids,Shared teams,enumeration,checkbox
hs_shared_user_ids,Shared users,enumeration,checkbox
hs_social_facebook_clicks,Facebook Clicks,number,number
hs_social_google_plus_clicks,Google Plus Clicks,number,number
hs_social_last_engagement,Most Recent Social Click,datetime,date
hs_social_linkedin_clicks,LinkedIn Clicks,number,number
hs_social_num_broadcast_clicks,Broadcast Clicks,number,number
hs_social_twitter_clicks,Twitter Clicks,number,number
hs_source_object_id,Source Object ID,number,number
hs_source_portal_id,Source Portal ID,number,number
hs_sourced_contact_origin,Sourced Contact Origin,enumeration,radio
hs_state_code,State/Region Code,string,text
hs_sub_role,Employment Sub Role,enumeration,select
hs_testpurge,testpurge,string,text
hs_testrollback,testrollback,string,text
hs_tiktok_ad_clicked,TikTok ad clicked,bool,booleancheckbox
hs_tiktok_click_id,TikTok click id,string,text
hs_time_between_contact_creation_and_deal_close,Time between contact creation and deal close,number,calculation_equation
hs_time_between_contact_creation_and_deal_creation,Time between contact creation and deal creation,number,calculation_equation
hs_time_to_first_engagement,Lead response time,number,number
hs_time_to_move_from_lead_to_customer,Time to move from lead to customer,number,calculation_equation
hs_time_to_move_from_marketingqualifiedlead_to_customer,Time to move from marketing qualified lead to customer,number,calculation_equation
hs_time_to_move_from_opportunity_to_customer,Time to move from opportunity to customer,number,calculation_equation
hs_time_to_move_from_salesqualifiedlead_to_customer,Time to move from sales qualified lead to customer,number,calculation_equation
hs_time_to_move_from_subscriber_to_customer,Time to move from subscriber to customer,number,calculation_equation
hs_timezone,Time Zone,enumeration,select
hs_twitterid,Twitter ID,string,text
hs_unique_creation_key,Unique creation key,string,text
hs_updated_by_user_id,Updated by user ID,number,number
hs_user_ids_of_all_notification_followers,User IDs of all notification followers,enumeration,checkbox
hs_user_ids_of_all_notification_recipients,All contact notification recipients,enumeration,checkbox
hs_user_ids_of_all_notification_unfollowers,User IDs of all notification unfollowers,enumeration,checkbox
hs_user_ids_of_all_owners,User IDs of all owners,enumeration,checkbox
hs_v2_cumulative_time_in_customer,"Cumulative time in ""Cliente (Pipeline de etapa del ciclo de vida)""",number,number
hs_v2_cumulative_time_in_lead,"Cumulative time in ""Lead (Pipeline de etapa del ciclo de vida)""",number,number
hs_v2_cumulative_time_in_marketingqualifiedlead,"Cumulative time in ""MQL (Pipeline de etapa del ciclo de vida)""",number,number
hs_v2_cumulative_time_in_opportunity,"Cumulative time in ""Oportunidad (Pipeline de etapa del ciclo de vida)""",number,number
hs_v2_cumulative_time_in_other,"Cumulative time in ""Otra (Pipeline de etapa del ciclo de vida)""",number,number
hs_v2_cumulative_time_in_salesqualifiedlead,"Cumulative time in ""SQL (Pipeline de etapa del ciclo de vida)""",number,number
hs_v2_date_entered_current_stage,Date entered current stage,datetime,calculation_equation
hs_v2_date_entered_customer,"Date entered ""Cliente (Pipeline de etapa del ciclo de vida)""",datetime,date
hs_v2_date_entered_lead,"Date entered ""Lead (Pipeline de etapa del ciclo de vida)""",datetime,date
hs_v2_date_entered_marketingqualifiedlead,"Date entered ""MQL (Pipeline de etapa del ciclo de vida)""",datetime,date
hs_v2_date_entered_opportunity,"Date entered ""Oportunidad (Pipeline de etapa del ciclo de vida)""",datetime,date
hs_v2_date_entered_other,"Date entered ""Otra (Pipeline de etapa del ciclo de vida)""",datetime,date
hs_v2_date_entered_salesqualifiedlead,"Date entered ""SQL (Pipeline de etapa del ciclo de vida)""",datetime,date
hs_v2_date_exited_customer,"Date exited ""Cliente (Pipeline de etapa del ciclo de vida)""",datetime,date
hs_v2_date_exited_lead,"Date exited ""Lead (Pipeline de etapa del ciclo de vida)""",datetime,date
hs_v2_date_exited_marketingqualifiedlead,"Date exited ""MQL (Pipeline de etapa del ciclo de vida)""",datetime,date
hs_v2_date_exited_opportunity,"Date exited ""Oportunidad (Pipeline de etapa del ciclo de vida)""",datetime,date
hs_v2_date_exited_other,"Date exited ""Otra (Pipeline de etapa del ciclo de vida)""",datetime,date
hs_v2_date_exited_salesqualifiedlead,"Date exited ""SQL (Pipeline de etapa del ciclo de vida)""",datetime,date
hs_v2_latest_time_in_customer,"Latest time in ""Cliente (Pipeline de etapa del ciclo de vida)""",number,number
hs_v2_latest_time_in_lead,"Latest time in ""Lead (Pipeline de etapa del ciclo de vida)""",number,number
hs_v2_latest_time_in_marketingqualifiedlead,"Latest time in ""MQL (Pipeline de etapa del ciclo de vida)""",number,number
hs_v2_latest_time_in_opportunity,"Latest time in ""Oportunidad (Pipeline de etapa del ciclo de vida)""",number,number
hs_v2_latest_time_in_other,"Latest time in ""Otra (Pipeline de etapa del ciclo de vida)""",number,number
hs_v2_latest_time_in_salesqualifiedlead,"Latest time in ""SQL (Pipeline de etapa del ciclo de vida)""",number,number
hs_v2_time_in_current_stage,Time in current stage,datetime,calculation_equation
hs_was_imported,Performed in an import,bool,booleancheckbox
hs_whatsapp_bsuids,WhatsApp BSUIDs,string,text
hs_whatsapp_phone_number,WhatsApp Phone Number,string,phonenumber
hs_why_this_contact,Why This Contact,string,calculation_rollup
hubspot_owner_assigneddate,Owner assigned date,datetime,date
hubspot_owner_id,Contact owner,enumeration,select
hubspot_team_id,HubSpot Team,enumeration,select
hubspotscore,HubSpot Score,number,calculation_score
icp_score_calculado,icp_score_calculado,number,number
icp_tier,icp_tier,enumeration,select
id_fiscal_empresa,ID Fiscal Empresa,string,textarea
inbox_url,Inbox URL,string,text
industry,Industry,string,text
interes_en_aumento_de_ventas_ventas_cruzadas,Interés en aumento de ventas/ventas cruzadas,enumeration,booleancheckbox
ip_city,IP City,string,text
ip_country,IP Country,string,text
ip_country_code,IP Country Code,string,text
ip_latlon,IP Latitude & Longitude,string,text
ip_state,IP State/Region,string,text
ip_state_code,IP State Code/Region Code,string,text
ip_zipcode,IP Zipcode,string,text
job_function,Job function,string,text
jobtitle,Job Title,string,text
kloutscoregeneral,Klout Score,number,number
last_aircall_call_outcome,Last Aircall call outcome,enumeration,radio
last_used_aircall_phone_number,Last used Aircall phone number,string,text
last_used_aircall_tags,Last used Aircall tags,string,textarea
lastmodifieddate,Last Modified Date,datetime,date
lastname,Last Name,string,text
lead_ad_prop0,¿Tienen una oficina con ingenieros y arquitectos para la administración de los proyectos de la empresa?,string,text
lifecyclestage,Lifecycle Stage,enumeration,radio
limite_de_calificacion_de_interaccion_23_12_2024,Límite de Calificación de interacción (23/12/2024),enumeration,select
linkedin_personal_url,LinkedIn Personal URL,string,text
linkedinbio,LinkedIn Bio,string,text
linkedinconnections,LinkedIn Connections,number,number
lista_de_usuarios,Lista de usuarios,string,file
logo,Logo,string,text
lost,lost,enumeration,select
madurez_digital,¿Qué tan digitalizada está hoy la gestión de tus proyectos?,enumeration,radio
marital_status,Marital Status,string,text
message,Message,string,textarea
military_status,Military status,string,text
mobilephone,Mobile Phone Number,string,phonenumber
nivel_de_importancia_del_cliente,Nivel de importancia del cliente,enumeration,select
nombre_de_la_persona_y_empresa_que_te_refirio_con_mawi,Nombre de la persona y empresa que te refirio con Mawi,string,text
nombre_de_tu_empresa__si_aplica_,"Nombre de tu empresa (si aplica)

",string,text
nombre_piloto,Nombre Piloto,string,text
notas_ko,Notas KO,string,textarea
notes_last_contacted,Last Contacted,datetime,date
notes_last_updated,Last Activity Date,datetime,date
notes_next_activity_date,Next Activity Date,datetime,date
num_associated_deals,Number of Associated Deals,number,calculation_rollup
num_contacted_notes,Number of times contacted,number,number
num_conversion_events,Number of Form Submissions,number,number
num_notes,Number of Sales Activities,number,number
num_unique_conversion_events,Number of Unique Forms Submitted,number,number
numemployees,Number of Employees,enumeration,select
ob___hay_algo_mas_que_te_gustaria_anadir_,OB  ¿Hay algo más que te gustaría añadir?,string,textarea
ob___que_aspectos_del_proceso_de_onboarding_podrian_mejorar_,OB  ¿Qué aspectos del proceso de onboarding podrían mejorar?,string,textarea
ob___que_podemos_mejorar_en_el_proceso_de_onboarding_o_en_la_plataforma_en_general_,OB  ¿Qué podemos mejorar en el proceso de onboarding o en la plataforma en general?,string,textarea
ob__que_funcionalidades_te_parecen_mas_utiles_hasta_ahora_,OB ¿Qué funcionalidades te parecen más útiles hasta ahora?,string,textarea
ob__que_podemos_mejorar_en_el_proceso_de_onboarding_o_en_la_plataforma_en_general_,OB ¿Qué podemos mejorar en el proceso de onboarding o en la plataforma en general?,string,textarea
ob__que_tan_intuitiva_encontraste_la_interfaz_de_usuario_,OB ¿Qué tan intuitiva encontraste la interfaz de usuario?,string,textarea
ob__que_tan_satisfecho_estas_con_tu_experiencia_general_hasta_ahora_,OB ¿Qué tan satisfecho estás con tu experiencia general hasta ahora?,string,textarea
ob__recomendarias_esta_plataforma_a_otros_profesionales_del_sector_,OB ¿Recomendarías esta plataforma a otros profesionales del sector?,string,textarea
ob_encuesta_realizada,OB Encuesta Realizada,enumeration,booleancheckbox
ob_evaluacion_del_proceso,OB ¿Qué tan claro te pareció el proceso de onboarding?,string,textarea
ob_experiencia_con_la_plataforma,OB ¿Qué tan útil considera la información proporcionada durante el onboarding?,string,textarea
ob_fecha_encuesta_realizada,OB Fecha Encuesta Realizada,date,date
owner,Owner,enumeration,booleancheckbox
owneremail,HubSpot Owner Email (legacy),string,text
ownername,HubSpot Owner Name (legacy),string,text
pais,País,enumeration,select
phone,Phone Number,string,phonenumber
photo,Photo,string,text
presentacion,Presentación,string,html
presupuesto_inicial,Presupuesto Inicial,string,file
presupuesto_plantilla,Presupuesto Plantilla,string,file
prospeccion,Prospeccion,string,text
qu_tipo_de_piso_buscs,¿Qué tipo de piso buscás?,string,text
que_deseas_resolver,¿Que deseas resolver?,string,text
que_es_lo_principal_que_deseas_resolver,¿Que es lo principal que deseas resolver?,string,text
que_esperas_obtener_de_este_taller_,¿Qué esperas obtener de este taller?,string,text
que_mejoro_desde_que_cambiaste_a_mawi_,¿Qué mejoró desde que cambiaste a Mawi?,string,textarea
que_tipo_de_proyectos_realizas_actualmente_,¿Qué tipo de proyectos realizas actualmente?,enumeration,checkbox
que_tipos_de_proyectos_desarrolla_tu_empresa_de_construccin,¿Que tipos de proyectos desarrolla tu empresa de construcción?,string,text
rb2b_captured_at,RB2B Captured At,date,date
rb2b_captured_url,RB2B Captured URL,string,text
rb2b_hot_page_visitor,RB2B Hot Page Visitor,bool,booleancheckbox
rb2b_last_logged_activity,RB2B Latest Logged Activity,date,date
rb2b_referring_url,RB2B Referring URL,string,text
rb2b_source,RB2B Source,bool,booleancheckbox
rb2b_utm_campaign,RB2B UTM Campaign,string,text
rb2b_utm_source,RB2B UTM Source,string,text
recent_conversion_date,Recent Conversion Date,datetime,date
recent_conversion_event_name,Recent Conversion,string,text
recent_deal_amount,Recent Deal Amount,number,number
recent_deal_close_date,Recent Deal Close Date,datetime,date
relationship_status,Relationship Status,string,text
rol,Rol,enumeration,select
rol_del_cliente,Rol del cliente,enumeration,checkbox
rol_en_la_empresa,Rol en la empresa,enumeration,select
salutation,Salutation,string,text
school,School,string,text
seniority,Seniority,string,text
sobrecostos_previos,¿Has tenido problemas de sobrecostos en obras anteriores?,enumeration,radio
start_date,Start date,string,text
state,State/Region,string,text
stripe_created_date,Stripe Created Date,datetime,date
stripe_customer_id,Stripe Customer ID,string,text
stripe_delinquent,Stripe Delinquent,bool,booleancheckbox
stripe_discount_id,Stripe Discount ID,string,text
stripe_pricing_interval_of_last_active_subscription,Stripe Pricing Interval (Year/Month) of Last Active Subscription,string,text
surveymonkeyeventlastupdated,SurveyMonkey Event Last Updated,number,number
tamano_de_la_empresa,Tamaño de la empresa,string,text
te_gustara_agendar_una_reunin_para_descubrir_cmo_nuestra_plataforma_puede_optimizar_tus_proyectos_d,¿Te gustaría agendar una reunión para descubrir cómo nuestra plataforma puede optimizar tus proyectos de construcción?,string,text
te_gustara_cotizar_una_instalacin_de_piso,¿Te gustaría cotizar una instalación de piso?,string,text
te_interesa_recibir_una_llamada_o_mensaje_de_nuestro_equipo_para_ayudarte_a_crecer_tu_empresa_,¿Te interesa recibir una llamada o mensaje de nuestro equipo para ayudarte a crecer tu empresa?,enumeration,radio
tiempo_en_etapa,Tiempo en etapa,number,number
tienes_actualmente_una_empresa_de_construccion_,¿Tienes actualmente una empresa de construcción?,enumeration,radio
tienes_alguien_que_te_ayude_con_marketing__contenido_o_redes_,"¿Tienes alguien que te ayude con marketing, contenido o redes? ",enumeration,radio
tienes_una_persona_o_equipo_de_trabajo_que_te_ayudan_en_la_ejecucin_de_tus_proyectos_de_construccio,"¿Tienes una persona o equipo de trabajo, que te ayudan en la ejecución de tus proyectos de construccion?",string,text
tipo_de_cliente,Tipo de cliente,enumeration,select
tipo_de_contacto,Tipo de contacto,enumeration,select
tipo_de_proyectos,Tipo de proyectos,string,text
tipos_de_proyecto,Tipos de proyecto,enumeration,radio
total_revenue,Total Revenue,number,number
twitterbio,Twitter Bio,string,text
twitterhandle,Twitter Username,string,text
twitterprofilephoto,Twitter Profile Photo,string,text
webinareventlastupdated,Webinar Event Last Updated,number,number
website,Website URL,string,text
work_email,Work email,string,text
ya_tens_el_piso_que_quers_instalar,¿Ya tenés el piso que querés instalar?,string,text
zip,Postal Code,string,text
